x	Famid	ID	Dadid	Momid	Gender	SNP11	SNP12	SNP21	SNP22
1	1.1	1	0	0	1	2	2	1	2
2	1.1	2	0	0	2	2	2	1	1
3	1.1	3	1	2	1	2	2	1	2
4	2.1	1	0	0	1	2	2	2	1
5	2.1	2	0	0	2	2	2	1	1
6	2.1	3	1	2	1	2	2	1	2
7	3.1	1	0	0	1	1	1	2	2
8	3.1	2	0	0	2	1	2	1	1
9	3.1	3	1	2	1	1	1	1	2
10	4.1	1	0	0	1	2	2	1	1
11	4.1	2	0	0	2	1	1	1	1
12	4.1	3	1	2	1	1	2	1	1
13	5.1	1	0	0	1	2	1	2	1
14	5.1	2	0	0	2	2	2	1	1
15	5.1	3	1	2	1	2	2	1	2
16	6.1	1	0	0	1	2	2	1	1
17	6.1	2	0	0	2	2	2	1	1
18	6.1	3	1	2	1	2	2	1	1
19	7.1	1	0	0	1	2	1	1	1
20	7.1	2	0	0	2	2	2	1	2
21	7.1	3	1	2	1	2	1	2	1
22	8.1	1	0	0	1	2	1	2	2
23	8.1	2	0	0	2	1	2	1	1
24	8.1	3	1	2	1	1	1	1	2
25	9.1	1	0	0	1	2	2	1	1
26	9.1	2	0	0	2	2	2	2	1
27	9.1	3	1	2	1	2	2	2	1
28	10.1	1	0	0	1	2	2	1	1
29	10.1	2	0	0	2	2	2	1	1
30	10.1	3	1	2	1	2	2	1	1
31	11.1	1	0	0	1	2	1	1	2
32	11.1	2	0	0	2	1	2	1	1
33	11.1	3	1	2	1	1	1	1	2
34	12.1	1	0	0	1	1	1	1	1
35	12.1	2	0	0	2	2	2	1	1
36	12.1	3	1	2	1	2	1	1	1
37	13.1	1	0	0	1	2	1	1	2
38	13.1	2	0	0	2	2	2	1	1
39	13.1	3	1	2	1	2	1	1	2
40	14.1	1	0	0	1	2	2	1	1
41	14.1	2	0	0	2	1	1	1	2
42	14.1	3	1	2	1	1	2	1	1
43	15.1	1	0	0	1	2	1	1	2
44	15.1	2	0	0	2	2	2	1	1
45	15.1	3	1	2	1	2	2	1	1
46	16.1	1	0	0	1	2	1	1	1
47	16.1	2	0	0	2	2	2	1	1
48	16.1	3	1	2	1	2	2	1	1
49	17.1	1	0	0	1	1	2	1	2
50	17.1	2	0	0	2	2	1	1	1
51	17.1	3	1	2	1	1	1	1	1
52	18.1	1	0	0	1	1	2	1	1
53	18.1	2	0	0	2	2	2	1	1
54	18.1	3	1	2	1	2	1	1	1
55	19.1	1	0	0	1	1	1	1	1
56	19.1	2	0	0	2	2	2	1	2
57	19.1	3	1	2	1	2	1	1	1
58	20.1	1	0	0	1	2	2	1	1
59	20.1	2	0	0	2	2	2	1	1
60	20.1	3	1	2	1	2	2	1	1
61	21.1	1	0	0	1	2	2	1	1
62	21.1	2	0	0	2	2	2	1	1
63	21.1	3	1	2	1	2	2	1	1
64	22.1	1	0	0	1	1	2	1	1
65	22.1	2	0	0	2	2	1	1	1
66	22.1	3	1	2	1	1	1	1	1
67	23.1	1	0	0	1	2	1	1	1
68	23.1	2	0	0	2	1	2	1	1
69	23.1	3	1	2	1	2	2	1	1
70	24.1	1	0	0	1	2	2	1	1
71	24.1	2	0	0	2	2	2	1	1
72	24.1	3	1	2	1	2	2	1	1
73	25.1	1	0	0	1	2	2	1	1
74	25.1	2	0	0	2	1	2	1	1
75	25.1	3	1	2	1	1	2	1	1
76	26.1	1	0	0	1	2	2	1	2
77	26.1	2	0	0	2	2	1	1	1
78	26.1	3	1	2	1	1	2	1	1
79	27.1	1	0	0	1	1	1	1	1
80	27.1	2	0	0	2	2	1	1	1
81	27.1	3	1	2	1	2	1	1	1
82	28.1	1	0	0	1	2	2	1	1
83	28.1	2	0	0	2	2	2	1	1
84	28.1	3	1	2	1	2	2	1	1
85	29.1	1	0	0	1	1	2	1	1
86	29.1	2	0	0	2	2	2	2	1
87	29.1	3	1	2	1	2	1	2	1
88	30.1	1	0	0	1	2	2	1	1
89	30.1	2	0	0	2	1	1	1	1
90	30.1	3	1	2	1	1	2	1	1
91	31.1	1	0	0	1	2	1	1	1
92	31.1	2	0	0	2	2	2	1	1
93	31.1	3	1	2	1	2	1	1	1
94	32.1	1	0	0	1	2	2	1	1
95	32.1	2	0	0	2	2	2	2	1
96	32.1	3	1	2	1	2	2	2	1
97	33.1	1	0	0	1	2	1	1	1
98	33.1	2	0	0	2	2	2	1	2
99	33.1	3	1	2	1	2	2	1	1
100	34.1	1	0	0	1	2	2	1	1
101	34.1	2	0	0	2	1	2	1	1
102	34.1	3	1	2	1	2	2	1	1
103	35.1	1	0	0	1	2	2	1	1
104	35.1	2	0	0	2	1	1	2	1
105	35.1	3	1	2	1	1	2	1	1
106	36.1	1	0	0	1	1	2	2	1
107	36.1	2	0	0	2	2	1	1	2
108	36.1	3	1	2	1	2	2	1	1
109	37.1	1	0	0	1	2	2	1	1
110	37.1	2	0	0	2	2	2	1	1
111	37.1	3	1	2	1	2	2	1	1
112	38.1	1	0	0	1	2	2	1	2
113	38.1	2	0	0	2	2	1	1	1
114	38.1	3	1	2	1	2	2	1	2
115	39.1	1	0	0	1	1	1	1	1
116	39.1	2	0	0	2	2	1	1	1
117	39.1	3	1	2	1	2	1	1	1
118	40.1	1	0	0	1	2	2	1	1
119	40.1	2	0	0	2	2	2	1	1
120	40.1	3	1	2	1	2	2	1	1
121	41.1	1	0	0	1	2	2	1	1
122	41.1	2	0	0	2	2	2	1	2
123	41.1	3	1	2	1	2	2	1	1
124	42.1	1	0	0	1	2	2	1	1
125	42.1	2	0	0	2	2	2	1	1
126	42.1	3	1	2	1	2	2	1	1
127	43.1	1	0	0	1	2	2	1	1
128	43.1	2	0	0	2	1	2	2	1
129	43.1	3	1	2	1	1	2	2	1
130	44.1	1	0	0	1	1	2	1	2
131	44.1	2	0	0	2	2	2	1	1
132	44.1	3	1	2	1	2	2	1	2
133	45.1	1	0	0	1	1	2	2	1
134	45.1	2	0	0	2	2	2	1	1
135	45.1	3	1	2	1	2	2	1	1
136	46.1	1	0	0	1	2	1	1	1
137	46.1	2	0	0	2	1	2	1	2
138	46.1	3	1	2	1	2	2	2	1
139	47.1	1	0	0	1	1	2	2	2
140	47.1	2	0	0	2	1	1	1	1
141	47.1	3	1	2	1	1	1	1	2
142	48.1	1	0	0	1	1	2	1	1
143	48.1	2	0	0	2	2	2	1	1
144	48.1	3	1	2	1	2	2	1	1
145	49.1	1	0	0	1	1	2	1	1
146	49.1	2	0	0	2	2	2	1	1
147	49.1	3	1	2	1	2	1	1	1
148	50.1	1	0	0	1	2	1	1	1
149	50.1	2	0	0	2	1	2	2	1
150	50.1	3	1	2	1	2	2	1	1
151	51.1	1	0	0	1	1	2	1	1
152	51.1	2	0	0	2	1	2	1	1
153	51.1	3	1	2	1	1	2	1	1
154	52.1	1	0	0	1	1	2	2	1
155	52.1	2	0	0	2	2	1	1	1
156	52.1	3	1	2	1	1	1	1	2
157	53.1	1	0	0	1	1	1	1	1
158	53.1	2	0	0	2	1	2	2	1
159	53.1	3	1	2	1	2	1	1	1
160	54.1	1	0	0	1	2	1	1	1
161	54.1	2	0	0	2	1	1	1	1
162	54.1	3	1	2	1	1	2	1	1
163	55.1	1	0	0	1	2	1	2	1
164	55.1	2	0	0	2	1	2	1	1
165	55.1	3	1	2	1	1	2	1	2
166	56.1	1	0	0	1	1	2	1	1
167	56.1	2	0	0	2	1	1	1	1
168	56.1	3	1	2	1	1	1	1	1
169	57.1	1	0	0	1	1	1	2	1
170	57.1	2	0	0	2	2	1	1	2
171	57.1	3	1	2	1	1	1	2	2
172	58.1	1	0	0	1	1	1	1	1
173	58.1	2	0	0	2	2	2	1	1
174	58.1	3	1	2	1	2	1	1	1
175	59.1	1	0	0	1	2	1	1	1
176	59.1	2	0	0	2	2	1	1	1
177	59.1	3	1	2	1	1	1	1	1
178	60.1	1	0	0	1	2	2	1	2
179	60.1	2	0	0	2	1	2	1	1
180	60.1	3	1	2	1	1	2	1	2
181	61.1	1	0	0	1	1	2	1	1
182	61.1	2	0	0	2	2	2	2	2
183	61.1	3	1	2	1	2	2	2	1
184	62.1	1	0	0	1	2	1	1	1
185	62.1	2	0	0	2	1	1	1	1
186	62.1	3	1	2	1	1	2	1	1
187	63.1	1	0	0	1	2	2	2	1
188	63.1	2	0	0	2	2	2	1	1
189	63.1	3	1	2	1	2	2	1	2
190	64.1	1	0	0	1	2	2	2	1
191	64.1	2	0	0	2	2	2	1	1
192	64.1	3	1	2	1	2	2	1	1
193	65.1	1	0	0	1	2	2	1	1
194	65.1	2	0	0	2	2	2	1	1
195	65.1	3	1	2	1	2	2	1	1
196	66.1	1	0	0	1	2	2	2	1
197	66.1	2	0	0	2	2	1	1	1
198	66.1	3	1	2	1	1	2	1	2
199	67.1	1	0	0	1	2	2	1	1
200	67.1	2	0	0	2	2	2	1	1
201	67.1	3	1	2	1	2	2	1	1
202	68.1	1	0	0	1	2	2	1	2
203	68.1	2	0	0	2	2	2	1	1
204	68.1	3	1	2	1	2	2	1	2
205	69.1	1	0	0	1	2	2	1	1
206	69.1	2	0	0	2	2	2	1	1
207	69.1	3	1	2	1	2	2	1	1
208	70.1	1	0	0	1	1	2	1	1
209	70.1	2	0	0	2	2	2	1	2
210	70.1	3	1	2	1	2	1	1	1
211	71.1	1	0	0	1	2	1	1	1
212	71.1	2	0	0	2	2	2	1	1
213	71.1	3	1	2	1	2	2	1	1
214	72.1	1	0	0	1	2	2	2	1
215	72.1	2	0	0	2	2	2	1	1
216	72.1	3	1	2	1	2	2	1	2
217	73.1	1	0	0	1	2	2	1	1
218	73.1	2	0	0	2	1	1	1	1
219	73.1	3	1	2	1	1	2	1	1
220	74.1	1	0	0	1	1	2	2	2
221	74.1	2	0	0	2	2	2	1	2
222	74.1	3	1	2	1	2	1	2	2
223	75.1	1	0	0	1	2	2	1	1
224	75.1	2	0	0	2	2	2	1	1
225	75.1	3	1	2	1	2	2	1	1
226	76.1	1	0	0	1	1	1	1	1
227	76.1	2	0	0	2	1	1	1	1
228	76.1	3	1	2	1	1	1	1	1
229	77.1	1	0	0	1	2	2	1	2
230	77.1	2	0	0	2	1	2	1	1
231	77.1	3	1	2	1	1	2	1	1
232	78.1	1	0	0	1	2	1	1	1
233	78.1	2	0	0	2	2	2	1	1
234	78.1	3	1	2	1	2	2	1	1
235	79.1	1	0	0	1	2	1	1	1
236	79.1	2	0	0	2	2	2	2	1
237	79.1	3	1	2	1	2	2	2	1
238	80.1	1	0	0	1	1	2	1	2
239	80.1	2	0	0	2	2	1	2	1
240	80.1	3	1	2	1	2	1	2	1
241	81.1	1	0	0	1	2	2	1	1
242	81.1	2	0	0	2	2	2	1	1
243	81.1	3	1	2	1	2	2	1	1
244	82.1	1	0	0	1	1	2	1	1
245	82.1	2	0	0	2	2	2	2	1
246	82.1	3	1	2	1	2	2	2	1
247	83.1	1	0	0	1	2	2	1	1
248	83.1	2	0	0	2	2	2	1	1
249	83.1	3	1	2	1	2	2	1	1
250	84.1	1	0	0	1	2	2	1	1
251	84.1	2	0	0	2	2	2	1	1
252	84.1	3	1	2	1	2	2	1	1
253	85.1	1	0	0	1	1	2	2	1
254	85.1	2	0	0	2	2	1	1	1
255	85.1	3	1	2	1	1	1	1	2
256	86.1	1	0	0	1	1	2	1	1
257	86.1	2	0	0	2	2	1	1	1
258	86.1	3	1	2	1	2	2	1	1
259	87.1	1	0	0	1	2	2	1	2
260	87.1	2	0	0	2	2	2	1	1
261	87.1	3	1	2	1	2	2	1	2
262	88.1	1	0	0	1	1	2	1	1
263	88.1	2	0	0	2	2	2	1	1
264	88.1	3	1	2	1	2	2	1	1
265	89.1	1	0	0	1	2	1	1	1
266	89.1	2	0	0	2	2	2	1	1
267	89.1	3	1	2	1	2	2	1	1
268	90.1	1	0	0	1	2	2	1	1
269	90.1	2	0	0	2	1	2	1	1
270	90.1	3	1	2	1	2	2	1	1
271	91.1	1	0	0	1	2	1	1	2
272	91.1	2	0	0	2	2	2	2	1
273	91.1	3	1	2	1	2	1	1	2
274	92.1	1	0	0	1	2	2	1	2
275	92.1	2	0	0	2	2	2	2	1
276	92.1	3	1	2	1	2	2	2	1
277	93.1	1	0	0	1	2	1	1	1
278	93.1	2	0	0	2	2	1	1	1
279	93.1	3	1	2	1	2	2	1	1
280	94.1	1	0	0	1	2	2	1	1
281	94.1	2	0	0	2	2	2	1	1
282	94.1	3	1	2	1	2	2	1	1
283	95.1	1	0	0	1	1	2	1	1
284	95.1	2	0	0	2	2	2	1	1
285	95.1	3	1	2	1	2	1	1	1
286	96.1	1	0	0	1	1	2	1	1
287	96.1	2	0	0	2	2	2	1	1
288	96.1	3	1	2	1	2	2	1	1
289	97.1	1	0	0	1	2	1	1	1
290	97.1	2	0	0	2	2	1	1	1
291	97.1	3	1	2	1	1	2	1	1
292	98.1	1	0	0	1	2	2	1	1
293	98.1	2	0	0	2	2	1	1	1
294	98.1	3	1	2	1	2	2	1	1
295	99.1	1	0	0	1	2	2	1	1
296	99.1	2	0	0	2	2	2	1	1
297	99.1	3	1	2	1	2	2	1	1
298	100.1	1	0	0	1	2	2	2	1
299	100.1	2	0	0	2	2	1	1	1
300	100.1	3	1	2	1	2	2	1	2
301	101.1	1	0	0	1	1	1	1	2
302	101.1	2	0	0	2	1	2	1	1
303	101.1	3	1	2	1	2	1	1	2
304	102.1	1	0	0	1	2	2	1	1
305	102.1	2	0	0	2	2	1	1	1
306	102.1	3	1	2	1	2	2	1	1
307	103.1	1	0	0	1	2	2	1	1
308	103.1	2	0	0	2	2	2	1	1
309	103.1	3	1	2	1	2	2	1	1
310	104.1	1	0	0	1	2	1	1	1
311	104.1	2	0	0	2	2	1	2	1
312	104.1	3	1	2	1	2	1	2	1
313	105.1	1	0	0	1	1	2	1	1
314	105.1	2	0	0	2	2	1	1	1
315	105.1	3	1	2	1	1	1	1	1
316	106.1	1	0	0	1	2	1	1	1
317	106.1	2	0	0	2	2	2	1	1
318	106.1	3	1	2	1	2	1	1	1
319	107.1	1	0	0	1	1	2	2	1
320	107.1	2	0	0	2	2	2	1	2
321	107.1	3	1	2	1	2	1	2	2
322	108.1	1	0	0	1	2	1	1	1
323	108.1	2	0	0	2	2	2	1	2
324	108.1	3	1	2	1	2	2	1	1
325	109.1	1	0	0	1	2	1	1	1
326	109.1	2	0	0	2	2	2	1	1
327	109.1	3	1	2	1	2	2	1	1
328	110.1	1	0	0	1	2	2	1	1
329	110.1	2	0	0	2	2	2	1	1
330	110.1	3	1	2	1	2	2	1	1
331	111.1	1	0	0	1	2	2	1	1
332	111.1	2	0	0	2	1	1	1	1
333	111.1	3	1	2	1	1	2	1	1
334	112.1	1	0	0	1	1	2	1	1
335	112.1	2	0	0	2	2	1	1	1
336	112.1	3	1	2	1	1	1	1	1
337	113.1	1	0	0	1	1	1	1	2
338	113.1	2	0	0	2	2	1	1	1
339	113.1	3	1	2	1	1	1	1	2
340	114.1	1	0	0	1	1	2	1	1
341	114.1	2	0	0	2	2	2	1	1
342	114.1	3	1	2	1	2	2	1	1
343	115.1	1	0	0	1	2	1	1	1
344	115.1	2	0	0	2	2	2	1	1
345	115.1	3	1	2	1	2	1	1	1
346	116.1	1	0	0	1	1	1	1	2
347	116.1	2	0	0	2	2	1	1	1
348	116.1	3	1	2	1	2	1	1	2
349	117.1	1	0	0	1	1	2	1	1
350	117.1	2	0	0	2	2	2	2	2
351	117.1	3	1	2	1	2	2	2	1
352	118.1	1	0	0	1	2	2	1	1
353	118.1	2	0	0	2	1	2	2	2
354	118.1	3	1	2	1	1	2	2	1
355	119.1	1	0	0	1	2	2	1	2
356	119.1	2	0	0	2	2	1	1	1
357	119.1	3	1	2	1	2	2	1	1
358	120.1	1	0	0	1	2	1	1	1
359	120.1	2	0	0	2	2	2	1	2
360	120.1	3	1	2	1	2	2	1	1
361	121.1	1	0	0	1	2	2	2	1
362	121.1	2	0	0	2	1	2	1	1
363	121.1	3	1	2	1	2	2	1	1
364	122.1	1	0	0	1	2	2	1	1
365	122.1	2	0	0	2	2	2	1	1
366	122.1	3	1	2	1	2	2	1	1
367	123.1	1	0	0	1	2	2	1	1
368	123.1	2	0	0	2	2	1	1	1
369	123.1	3	1	2	1	2	2	1	1
370	124.1	1	0	0	1	2	2	1	1
371	124.1	2	0	0	2	2	1	1	1
372	124.1	3	1	2	1	2	2	1	1
373	125.1	1	0	0	1	2	2	1	1
374	125.1	2	0	0	2	2	2	2	1
375	125.1	3	1	2	1	2	2	1	1
376	126.1	1	0	0	1	2	2	1	1
377	126.1	2	0	0	2	2	2	2	1
378	126.1	3	1	2	1	2	2	2	1
379	127.1	1	0	0	1	2	1	1	1
380	127.1	2	0	0	2	2	1	1	1
381	127.1	3	1	2	1	1	2	1	1
382	128.1	1	0	0	1	2	1	1	1
383	128.1	2	0	0	2	2	1	1	1
384	128.1	3	1	2	1	1	2	1	1
385	129.1	1	0	0	1	2	2	2	2
386	129.1	2	0	0	2	1	1	1	2
387	129.1	3	1	2	1	1	2	2	2
388	130.1	1	0	0	1	1	2	1	2
389	130.1	2	0	0	2	1	2	1	1
390	130.1	3	1	2	1	2	2	1	2
391	131.1	1	0	0	1	1	2	2	1
392	131.1	2	0	0	2	2	2	1	1
393	131.1	3	1	2	1	2	2	1	1
394	132.1	1	0	0	1	2	2	1	1
395	132.1	2	0	0	2	2	1	1	1
396	132.1	3	1	2	1	1	2	1	1
397	133.1	1	0	0	1	2	2	1	1
398	133.1	2	0	0	2	1	2	1	1
399	133.1	3	1	2	1	2	2	1	1
400	134.1	1	0	0	1	1	2	1	1
401	134.1	2	0	0	2	2	2	2	1
402	134.1	3	1	2	1	2	1	2	1
403	135.1	1	0	0	1	2	1	1	1
404	135.1	2	0	0	2	1	2	1	1
405	135.1	3	1	2	1	2	1	1	1
406	136.1	1	0	0	1	2	1	1	1
407	136.1	2	0	0	2	2	2	1	1
408	136.1	3	1	2	1	2	2	1	1
409	137.1	1	0	0	1	1	1	2	1
410	137.1	2	0	0	2	1	2	1	1
411	137.1	3	1	2	1	2	1	1	1
412	138.1	1	0	0	1	2	1	1	1
413	138.1	2	0	0	2	2	2	1	1
414	138.1	3	1	2	1	2	1	1	1
415	139.1	1	0	0	1	2	2	1	1
416	139.1	2	0	0	2	1	2	2	1
417	139.1	3	1	2	1	2	2	1	1
418	140.1	1	0	0	1	1	1	1	1
419	140.1	2	0	0	2	2	1	2	1
420	140.1	3	1	2	1	1	1	1	1
421	141.1	1	0	0	1	2	1	1	1
422	141.1	2	0	0	2	2	2	2	1
423	141.1	3	1	2	1	2	2	1	1
424	142.1	1	0	0	1	2	2	1	1
425	142.1	2	0	0	2	2	2	1	1
426	142.1	3	1	2	1	2	2	1	1
427	143.1	1	0	0	1	2	1	1	1
428	143.1	2	0	0	2	2	2	1	1
429	143.1	3	1	2	1	2	1	1	1
430	144.1	1	0	0	1	1	1	1	1
431	144.1	2	0	0	2	2	1	1	2
432	144.1	3	1	2	1	1	1	2	1
433	145.1	1	0	0	1	2	2	1	1
434	145.1	2	0	0	2	2	2	1	1
435	145.1	3	1	2	1	2	2	1	1
436	146.1	1	0	0	1	2	2	1	2
437	146.1	2	0	0	2	2	2	1	1
438	146.1	3	1	2	1	2	2	1	2
439	147.1	1	0	0	1	1	2	1	1
440	147.1	2	0	0	2	2	2	2	1
441	147.1	3	1	2	1	2	2	2	1
442	148.1	1	0	0	1	2	1	1	2
443	148.1	2	0	0	2	2	2	1	1
444	148.1	3	1	2	1	2	1	1	2
445	149.1	1	0	0	1	1	2	1	1
446	149.1	2	0	0	2	2	2	1	2
447	149.1	3	1	2	1	2	2	2	1
448	150.1	1	0	0	1	2	2	1	1
449	150.1	2	0	0	2	1	2	1	1
450	150.1	3	1	2	1	2	2	1	1
451	151.1	1	0	0	1	2	1	2	1
452	151.1	2	0	0	2	2	2	2	1
453	151.1	3	1	2	1	2	2	2	2
454	152.1	1	0	0	1	1	2	1	1
455	152.1	2	0	0	2	2	1	1	1
456	152.1	3	1	2	1	1	1	1	1
457	153.1	1	0	0	1	2	1	1	1
458	153.1	2	0	0	2	2	1	1	2
459	153.1	3	1	2	1	2	1	1	1
460	154.1	1	0	0	1	2	2	1	1
461	154.1	2	0	0	2	1	2	1	1
462	154.1	3	1	2	1	1	2	1	1
463	155.1	1	0	0	1	2	2	1	1
464	155.1	2	0	0	2	2	2	2	1
465	155.1	3	1	2	1	2	2	1	1
466	156.1	1	0	0	1	2	1	1	1
467	156.1	2	0	0	2	2	2	1	1
468	156.1	3	1	2	1	2	2	1	1
469	157.1	1	0	0	1	2	1	2	1
470	157.1	2	0	0	2	1	1	1	1
471	157.1	3	1	2	1	1	1	1	1
472	158.1	1	0	0	1	1	2	1	1
473	158.1	2	0	0	2	2	1	1	1
474	158.1	3	1	2	1	2	2	1	1
475	159.1	1	0	0	1	1	2	1	1
476	159.1	2	0	0	2	2	2	2	1
477	159.1	3	1	2	1	2	2	2	1
478	160.1	1	0	0	1	2	2	1	1
479	160.1	2	0	0	2	2	2	1	1
480	160.1	3	1	2	1	2	2	1	1
481	161.1	1	0	0	1	2	2	2	2
482	161.1	2	0	0	2	2	1	1	1
483	161.1	3	1	2	1	2	2	1	2
484	162.1	1	0	0	1	2	2	2	1
485	162.1	2	0	0	2	1	2	1	1
486	162.1	3	1	2	1	2	2	1	1
487	163.1	1	0	0	1	1	1	1	1
488	163.1	2	0	0	2	1	2	1	1
489	163.1	3	1	2	1	1	1	1	1
490	164.1	1	0	0	1	1	2	1	2
491	164.1	2	0	0	2	2	2	1	1
492	164.1	3	1	2	1	2	1	1	1
493	165.1	1	0	0	1	2	1	1	1
494	165.1	2	0	0	2	2	1	1	1
495	165.1	3	1	2	1	1	1	1	1
496	166.1	1	0	0	1	2	2	1	1
497	166.1	2	0	0	2	2	1	1	1
498	166.1	3	1	2	1	2	2	1	1
499	167.1	1	0	0	1	2	2	1	1
500	167.1	2	0	0	2	1	1	2	1
501	167.1	3	1	2	1	1	2	2	1
502	168.1	1	0	0	1	2	2	2	1
503	168.1	2	0	0	2	2	2	1	1
504	168.1	3	1	2	1	2	2	1	1
505	169.1	1	0	0	1	1	2	1	1
506	169.1	2	0	0	2	2	2	2	2
507	169.1	3	1	2	1	2	2	2	1
508	170.1	1	0	0	1	2	2	1	1
509	170.1	2	0	0	2	1	1	2	2
510	170.1	3	1	2	1	1	2	2	1
511	171.1	1	0	0	1	2	1	1	2
512	171.1	2	0	0	2	2	2	1	1
513	171.1	3	1	2	1	2	1	1	2
514	172.1	1	0	0	1	2	2	1	1
515	172.1	2	0	0	2	2	1	1	1
516	172.1	3	1	2	1	2	2	1	1
517	173.1	1	0	0	1	2	2	1	1
518	173.1	2	0	0	2	2	2	1	1
519	173.1	3	1	2	1	2	2	1	1
520	174.1	1	0	0	1	2	2	1	1
521	174.1	2	0	0	2	2	2	1	1
522	174.1	3	1	2	1	2	2	1	1
523	175.1	1	0	0	1	2	1	1	2
524	175.1	2	0	0	2	2	2	1	1
525	175.1	3	1	2	1	2	1	1	2
526	176.1	1	0	0	1	1	2	1	1
527	176.1	2	0	0	2	2	2	1	1
528	176.1	3	1	2	1	2	2	1	1
529	177.1	1	0	0	1	2	2	1	2
530	177.1	2	0	0	2	2	1	1	1
531	177.1	3	1	2	1	1	2	1	1
532	178.1	1	0	0	1	2	1	1	1
533	178.1	2	0	0	2	2	2	1	1
534	178.1	3	1	2	1	2	2	1	1
535	179.1	1	0	0	1	1	2	1	2
536	179.1	2	0	0	2	2	2	1	2
537	179.1	3	1	2	1	2	2	1	2
538	180.1	1	0	0	1	2	1	1	1
539	180.1	2	0	0	2	2	1	1	1
540	180.1	3	1	2	1	2	1	1	1
541	181.1	1	0	0	1	1	2	1	1
542	181.1	2	0	0	2	2	2	2	1
543	181.1	3	1	2	1	2	1	1	1
544	182.1	1	0	0	1	1	2	1	1
545	182.1	2	0	0	2	2	2	1	1
546	182.1	3	1	2	1	2	2	1	1
547	183.1	1	0	0	1	2	2	1	1
548	183.1	2	0	0	2	2	2	1	1
549	183.1	3	1	2	1	2	2	1	1
550	184.1	1	0	0	1	2	2	1	1
551	184.1	2	0	0	2	1	2	2	1
552	184.1	3	1	2	1	1	2	2	1
553	185.1	1	0	0	1	1	2	1	1
554	185.1	2	0	0	2	2	2	1	2
555	185.1	3	1	2	1	2	1	2	1
556	186.1	1	0	0	1	1	2	1	1
557	186.1	2	0	0	2	1	2	1	1
558	186.1	3	1	2	1	2	1	1	1
559	187.1	1	0	0	1	1	2	1	1
560	187.1	2	0	0	2	2	1	2	1
561	187.1	3	1	2	1	2	2	2	1
562	188.1	1	0	0	1	2	2	1	1
563	188.1	2	0	0	2	2	2	1	1
564	188.1	3	1	2	1	2	2	1	1
565	189.1	1	0	0	1	1	1	1	1
566	189.1	2	0	0	2	1	2	2	2
567	189.1	3	1	2	1	1	1	2	1
568	190.1	1	0	0	1	1	2	1	1
569	190.1	2	0	0	2	2	2	1	1
570	190.1	3	1	2	1	2	1	1	1
571	191.1	1	0	0	1	2	2	1	2
572	191.1	2	0	0	2	2	2	1	1
573	191.1	3	1	2	1	2	2	1	2
574	192.1	1	0	0	1	2	2	1	1
575	192.1	2	0	0	2	2	2	1	2
576	192.1	3	1	2	1	2	2	1	1
577	193.1	1	0	0	1	2	2	1	2
578	193.1	2	0	0	2	2	2	1	1
579	193.1	3	1	2	1	2	2	1	1
580	194.1	1	0	0	1	1	2	1	1
581	194.1	2	0	0	2	2	2	2	1
582	194.1	3	1	2	1	2	2	2	1
583	195.1	1	0	0	1	2	2	1	1
584	195.1	2	0	0	2	2	1	1	1
585	195.1	3	1	2	1	2	2	1	1
586	196.1	1	0	0	1	2	1	1	1
587	196.1	2	0	0	2	2	1	1	1
588	196.1	3	1	2	1	1	2	1	1
589	197.1	1	0	0	1	1	1	2	2
590	197.1	2	0	0	2	1	2	1	1
591	197.1	3	1	2	1	1	1	1	2
592	198.1	1	0	0	1	2	2	1	1
593	198.1	2	0	0	2	2	2	1	1
594	198.1	3	1	2	1	2	2	1	1
595	199.1	1	0	0	1	2	1	1	1
596	199.1	2	0	0	2	2	1	2	1
597	199.1	3	1	2	1	2	2	2	1
598	200.1	1	0	0	1	2	2	2	1
599	200.1	2	0	0	2	2	2	1	1
600	200.1	3	1	2	1	2	2	1	1
602	201.1	2	0	0	2	2	1	2	1
603	201.1	3	1	2	1	2	1	2	1
605	202.1	2	0	0	2	2	1	1	1
606	202.1	3	1	2	1	1	1	1	1
608	203.1	2	0	0	2	2	1	1	2
609	203.1	3	1	2	1	1	2	2	2
611	204.1	2	0	0	2	2	2	1	1
612	204.1	3	1	2	1	2	2	1	1
614	205.1	2	0	0	2	1	2	1	1
615	205.1	3	1	2	1	1	2	1	1
617	206.1	2	0	0	2	2	2	1	1
618	206.1	3	1	2	1	2	2	1	1
620	207.1	2	0	0	2	2	2	1	1
621	207.1	3	1	2	1	2	1	1	1
623	208.1	2	0	0	2	2	2	1	1
624	208.1	3	1	2	1	2	1	1	1
626	209.1	2	0	0	2	2	1	1	1
627	209.1	3	1	2	1	2	2	1	1
629	210.1	2	0	0	2	1	2	1	1
630	210.1	3	1	2	1	1	2	1	1
632	211.1	2	0	0	2	2	2	2	1
633	211.1	3	1	2	1	2	2	2	2
635	212.1	2	0	0	2	2	2	1	1
636	212.1	3	1	2	1	2	2	1	2
637	213.1	1	0	0	1	2	2	1	1
639	213.1	3	1	2	1	1	2	1	1
640	214.1	1	0	0	1	2	2	1	1
642	214.1	3	1	2	1	2	2	1	1
643	215.1	1	0	0	1	2	2	2	1
645	215.1	3	1	2	1	2	2	1	2
646	216.1	1	0	0	1	2	2	1	1
648	216.1	3	1	2	1	2	2	1	1
649	217.1	1	0	0	1	2	2	1	1
651	217.1	3	1	2	1	1	2	2	1
652	218.1	1	0	0	1	2	1	1	2
654	218.1	3	1	2	1	2	1	1	2
655	219.1	1	0	0	1	1	2	2	1
657	219.1	3	1	2	1	2	1	1	2
658	220.1	1	0	0	1	1	2	1	1
660	220.1	3	1	2	1	2	2	1	1
661	221.1	1	0	0	1	1	2	1	1
663	221.1	3	1	2	1	2	1	1	1
664	222.1	1	0	0	1	2	2	1	1
666	222.1	3	1	2	1	2	2	1	1
667	223.1	1	0	0	1	1	2	1	1
669	223.1	3	1	2	1	2	2	1	1
670	224.1	1	0	0	1	2	2	1	1
672	224.1	3	1	2	1	1	2	1	1
673	225.1	1	0	0	1	1	2	1	2
675	225.1	3	1	2	1	2	1	2	1
678	226.1	3	1	2	1	1	1	1	1
681	227.1	3	1	2	1	2	2	1	1
684	228.1	3	1	2	1	2	2	1	1
687	229.1	3	1	2	1	2	2	1	1
690	230.1	3	1	2	1	1	2	1	1
693	231.1	3	1	2	1	2	1	1	1
696	232.1	3	1	2	1	2	1	1	1
699	233.1	3	1	2	1	2	2	2	1
702	234.1	3	1	2	1	1	1	2	2
705	235.1	3	1	2	1	2	1	2	1
708	236.1	3	1	2	1	2	2	1	1
711	237.1	3	1	2	1	2	2	1	2
714	238.1	3	1	2	1	1	2	1	1
717	239.1	3	1	2	1	2	2	1	1
720	240.1	3	1	2	1	2	2	1	1
723	241.1	3	1	2	1	2	1	1	1
726	242.1	3	1	2	1	2	2	1	1
729	243.1	3	1	2	1	2	2	1	1
732	244.1	3	1	2	1	2	2	1	1
735	245.1	3	1	2	1	2	2	1	1
738	246.1	3	1	2	1	2	2	1	1
741	247.1	3	1	2	1	2	2	2	1
744	248.1	3	1	2	1	2	2	1	1
747	249.1	3	1	2	1	1	1	2	1
750	250.1	3	1	2	1	2	2	1	1
